{"cameraMode":{"drawMode":0,"name":"Shaded","section":"Shading Mode"},"sceneLighting":false,"audioPlay":false,"sceneViewState":{"showFog":true,"showMaterialUpdate":false,"showSkybox":false,"showFlares":true,"showImageEffects":true,"showParticleSystems":true},"in2DMode":false,"pivot":{"x":-26.646324157714845,"y":24.99302864074707,"z":13.851966857910157},"rotation":{"x":-0.1613638550043106,"y":0.05207934230566025,"z":-0.008636347018182278,"w":-0.9854957461357117},"size":328.6982116699219,"orthographic":false}