{"cameraMode":{"drawMode":0,"name":"Shaded","section":"Shading Mode"},"sceneLighting":false,"audioPlay":false,"sceneViewState":{"showFog":true,"showMaterialUpdate":false,"showSkybox":false,"showFlares":true,"showImageEffects":true,"showParticleSystems":true},"in2DMode":false,"pivot":{"x":284.4700927734375,"y":212.70579528808595,"z":143.8941650390625},"rotation":{"x":-0.06472417712211609,"y":-0.034119799733161929,"z":0.002145147882401943,"w":-0.9973337054252625},"size":551.1781005859375,"orthographic":false}