{"cameraMode":{"drawMode":0,"name":"Shaded","section":"Shading Mode"},"sceneLighting":false,"audioPlay":false,"sceneViewState":{"showFog":true,"showMaterialUpdate":false,"showSkybox":false,"showFlares":true,"showImageEffects":true,"showParticleSystems":true},"in2DMode":false,"pivot":{"x":293.846435546875,"y":272.2508544921875,"z":151.791015625},"rotation":{"x":-0.06622637063264847,"y":-0.031124716624617578,"z":0.001997742336243391,"w":-0.9973331689834595},"size":702.5662841796875,"orthographic":false}