{"cameraMode":{"drawMode":0,"name":"Shaded","section":"Shading Mode"},"sceneLighting":true,"audioPlay":false,"sceneViewState":{"showFog":true,"showMaterialUpdate":false,"showSkybox":true,"showFlares":true,"showImageEffects":true,"showParticleSystems":true},"in2DMode":false,"pivot":{"x":8.99993896484375,"y":-8.148893356323243,"z":22.139617919921876},"rotation":{"x":0.18033483624458314,"y":0.16293717920780183,"z":-0.030306227505207063,"w":0.9695440530776978},"size":37.99850845336914,"orthographic":false}