{"cameraMode":{"drawMode":0,"name":"Shaded","section":"Shading Mode"},"sceneLighting":false,"audioPlay":false,"sceneViewState":{"showFog":true,"showMaterialUpdate":false,"showSkybox":false,"showFlares":true,"showImageEffects":true,"showParticleSystems":true},"in2DMode":false,"pivot":{"x":373.1550598144531,"y":123.22754669189453,"z":43.86700439453125},"rotation":{"x":-0.03479774668812752,"y":-0.005696473177522421,"z":0.00011847470159409568,"w":-0.9993990659713745},"size":528.7864990234375,"orthographic":false}