{"cameraMode":{"drawMode":0,"name":"Shaded","section":"Shading Mode"},"sceneLighting":true,"audioPlay":false,"sceneViewState":{"showFog":true,"showMaterialUpdate":false,"showSkybox":true,"showFlares":true,"showImageEffects":true,"showParticleSystems":true},"in2DMode":false,"pivot":{"x":-1.981882929801941,"y":4.988422870635986,"z":22.215858459472658},"rotation":{"x":0.03745463117957115,"y":0.0440562479197979,"z":-0.0016529543790966273,"w":0.9983257055282593},"size":2.052067995071411,"orthographic":false}